{"findings MIMIC": null, "impression MIMIC": {"bleu": 0.02981528378403704, "rouge1": 0.23450377359819605, "rouge2": 0.0722173949016633, "rougeL": 0.1875541483120037, "bertscore": 0.47768545150756836, "radgraph_simple": 0.10612791710074812, "radgraph_partial": 0.1004932403339044, "radgraph_complete": 0.07884866228010144, "samples_avg_precision": 0.28002070393374745, "samples_avg_recall": 0.577536231884058, "samples_avg_f1-score": 0.34950839360777247}}{"findings CheXpert": null, "impression CheXpert": null}