{"findings MIMIC": null, "impression MIMIC": {"bleu": 0.031141238122914746, "rouge1": 0.260129911317612, "rouge2": 0.08829647511644251, "rougeL": 0.20259888437157828, "bertscore": 0.435457319021225, "radgraph_simple": 0.15069742582300685, "radgraph_partial": 0.14103819452438549, "radgraph_complete": 0.11106160902923026, "samples_avg_precision": 0.3639012126589766, "samples_avg_recall": 0.60703933747412, "samples_avg_f1-score": 0.40766762568004805}}{"findings CheXpert": null, "impression CheXpert": null}