{"findings MIMIC": {"organ_avg_scores": {"Hila and Mediastinum:": {"bleu": 0.018400137013595906, "rouge1": 0.12672814225265144, "rouge2": 0.0650691207657152, "rougeL": 0.1141479738830094, "bertscore": 0.1831264345269454, "radgraph_simple": 0.09479835953520165, "radgraph_partial": 0.0740123034859877, "radgraph_complete": 0.06473760157970684, "samples_avg_precision": 0.2736842105263158, "samples_avg_recall": 0.25263157894736843, "samples_avg_f1-score": 0.2596491228070175}, "Pleura:": {"bleu": 0.056105582725616825, "rouge1": 0.41064956602183933, "rouge2": 0.25958822351718913, "rougeL": 0.397282424816532, "bertscore": 0.5184108964841941, "radgraph_simple": 0.4099235416375376, "radgraph_partial": 0.3664802495228458, "radgraph_complete": 0.3594101087103115, "samples_avg_precision": 0.6413793103448275, "samples_avg_recall": 0.5028735632183907, "samples_avg_f1-score": 0.5464367816091953}, "Lungs and Airways:": {"bleu": 0.0285738821367656, "rouge1": 0.23616424468241004, "rouge2": 0.11664575483129094, "rougeL": 0.21416452521640864, "bertscore": 0.40239188614191473, "radgraph_simple": 0.1692979734316647, "radgraph_partial": 0.13432029451171323, "radgraph_complete": 0.12347727997613163, "samples_avg_precision": 0.40600414078674946, "samples_avg_recall": 0.40227743271221533, "samples_avg_f1-score": 0.3724489795918367}, "Other:": {"bleu": 0.027777777756409567, "rouge1": 0.03149801587301587, "rouge2": 0.027777777777777776, "rougeL": 0.03149801587301587, "bertscore": 0.04234359009812275, "radgraph_simple": 0.027777777777777776, "radgraph_partial": 0.027777777777777776, "radgraph_complete": 0.027777777777777776, "samples_avg_precision": 0.041666666666666664, "samples_avg_recall": 0.041666666666666664, "samples_avg_f1-score": 0.041666666666666664}, "Musculoskeletal and Chest Wall:": {"bleu": 0.0045273810221430144, "rouge1": 0.12584936809413888, "rouge2": 0.07599272819753489, "rougeL": 0.1116481221855759, "bertscore": 0.18914182614911385, "radgraph_simple": 0.07344367192852042, "radgraph_partial": 0.05231973413791595, "radgraph_complete": 0.07051029778302505, "samples_avg_precision": 0.3333333333333333, "samples_avg_recall": 0.3333333333333333, "samples_avg_f1-score": 0.32996632996633}, "Cardiovascular:": {"bleu": 0.008338917806245329, "rouge1": 0.2528925523231079, "rouge2": 0.13111622225162123, "rougeL": 0.23523729091784654, "bertscore": 0.40038160122931005, "radgraph_simple": 0.20676299395049394, "radgraph_partial": 0.16472385253635252, "radgraph_complete": 0.14973797036297037, "samples_avg_precision": 0.625, "samples_avg_recall": 0.5541666666666666, "samples_avg_f1-score": 0.568125}, "Tubes, Catheters, and Support Devices:": {"bleu": 0.054583935445468725, "rouge1": 0.32703810574176306, "rouge2": 0.19074807993765833, "rougeL": 0.30079766264963487, "bertscore": 0.39786935979273264, "radgraph_simple": 0.23279874307053275, "radgraph_partial": 0.20834463724864483, "radgraph_complete": 0.15625165116235262, "samples_avg_precision": 0.5010162601626016, "samples_avg_recall": 0.532520325203252, "samples_avg_f1-score": 0.5059814169570267}, "Abdominal:": {"bleu": 6.237562126570183e-14, "rouge1": 0.02777777777777778, "rouge2": 0.0078125, "rougeL": 0.02083333333333333, "bertscore": 0.038593899458646774, "radgraph_simple": 0.022727272727272724, "radgraph_partial": 0.022727272727272724, "radgraph_complete": 0.011363636363636362, "samples_avg_precision": 0.0625, "samples_avg_recall": 0.0625, "samples_avg_f1-score": 0.0625}}, "overall_avg_scores": {"bleu": 0.027400045555069454, "rouge1": 0.2313941277737106, "rouge2": 0.13116872724973078, "rougeL": 0.21552798449856964, "bertscore": 0.3330473618144282, "radgraph_simple": 0.1897685147761539, "radgraph_partial": 0.15997558931549716, "radgraph_complete": 0.1494908774758438, "samples_avg_precision": 0.43668674698795185, "samples_avg_recall": 0.3988152610441767, "samples_avg_f1-score": 0.40111015490533564}, "section_scores": {"section_avg_precision": 0.7484841762792074, "section_avg_recall": 0.7766267376515824, "section_avg_f1-score": 0.7438558336073863}}, "impression MIMIC": null}{"findings CheXpert": null, "impression CheXpert": null}